Year,College,Sport,Gender,Expense ($)
2017,Siena,Baseball,Mens,611714
2016,Siena,Baseball,Mens,612210
2015,Siena,Baseball,Mens,1317174
2014,Siena,Baseball,Mens,685460
2013,Siena,Baseball,Mens,671252
2012,Siena,Baseball,Mens,658656
2011,Siena,Baseball,Mens,689064
2010,Siena,Baseball,Mens,652976
2009,Siena,Baseball,Mens,644556
2008,Siena,Baseball,Mens,498509
2007,Siena,Baseball,Mens,485159
2006,Siena,Baseball,Mens,594576
2005,Siena,Baseball,Mens,480125
2017,Siena,Basketball,Mens,3579394
2016,Siena,Basketball,Mens,3102278
2015,Siena,Basketball,Mens,3083128
2014,Siena,Basketball,Mens,2516769
2013,Siena,Basketball,Mens,2802018
2012,Siena,Basketball,Mens,2668068
2011,Siena,Basketball,Mens,2293234
2010,Siena,Basketball,Mens,2211650
2009,Siena,Basketball,Mens,2275880
2008,Siena,Basketball,Mens,1835834
2007,Siena,Basketball,Mens,1671304
2006,Siena,Basketball,Mens,1289662
2005,Siena,Basketball,Mens,1408797
2017,Siena,Basketball,Womens,1839383
2016,Siena,Basketball,Womens,1726019
2015,Siena,Basketball,Womens,1544049
2014,Siena,Basketball,Womens,1502855
2013,Siena,Basketball,Womens,1546617
2012,Siena,Basketball,Womens,1485806
2011,Siena,Basketball,Womens,1709080
2010,Siena,Basketball,Womens,1359730
2009,Siena,Basketball,Womens,1262826
2008,Siena,Basketball,Womens,1174341
2007,Siena,Basketball,Womens,1078909
2006,Siena,Basketball,Womens,1123616
2005,Siena,Basketball,Womens,997063
2017,Siena,Golf,Mens,228139
2016,Siena,Golf,Mens,175313
2015,Siena,Golf,Mens,154226
2014,Siena,Golf,Mens,136723
2013,Siena,Golf,Mens,182513
2012,Siena,Golf,Mens,116242
2011,Siena,Golf,Mens,142919
2010,Siena,Golf,Mens,155769
2009,Siena,Golf,Mens,121664
2008,Siena,Golf,Mens,101746
2007,Siena,Golf,Mens,129898
2006,Siena,Golf,Mens,119361
2005,Siena,Golf,Mens,103384
2017,Siena,Golf,Womens,3579394
2016,Siena,Golf,Womens,3102278
2015,Siena,Golf,Womens,3083128
2014,Siena,Golf,Womens,2516769
2013,Siena,Golf,Womens,2802018
2012,Siena,Golf,Womens,2668068
2011,Siena,Golf,Womens,2293234
2010,Siena,Golf,Womens,2211650
2009,Siena,Golf,Womens,2275880
2008,Siena,Golf,Womens,1835834
2007,Siena,Golf,Womens,1671304
2006,Siena,Golf,Womens,1289662
2005,Siena,Golf,Womens,1408797
2017,Siena,Lacrosse,Mens,1000196
2016,Siena,Lacrosse,Mens,818004
2015,Siena,Lacrosse,Mens,820868
2014,Siena,Lacrosse,Mens,747151
2013,Siena,Lacrosse,Mens,636031
2012,Siena,Lacrosse,Mens,673013
2011,Siena,Lacrosse,Mens,539017
2010,Siena,Lacrosse,Mens,510325
2009,Siena,Lacrosse,Mens,422173
2008,Siena,Lacrosse,Mens,202477
2007,Siena,Lacrosse,Mens,237736
2006,Siena,Lacrosse,Mens,207261
2005,Siena,Lacrosse,Mens,178079
2017,Siena,Lacrosse,Womens,684465
2016,Siena,Lacrosse,Womens,548234
2015,Siena,Lacrosse,Womens,491108
2014,Siena,Lacrosse,Womens,386459
2013,Siena,Lacrosse,Womens,375286
2012,Siena,Lacrosse,Womens,318743
2011,Siena,Lacrosse,Womens,329738
2010,Siena,Lacrosse,Womens,236348
2009,Siena,Lacrosse,Womens,225384
2008,Siena,Lacrosse,Womens,166648
2007,Siena,Lacrosse,Womens,149756
2006,Siena,Lacrosse,Womens,110985
2005,Siena,Lacrosse,Womens,95341
2017,Siena,Soccer,Mens,721411
2016,Siena,Soccer,Mens,671584
2015,Siena,Soccer,Mens,623458
2014,Siena,Soccer,Mens,637817
2013,Siena,Soccer,Mens,637626
2012,Siena,Soccer,Mens,662203
2011,Siena,Soccer,Mens,610631
2010,Siena,Soccer,Mens,645798
2009,Siena,Soccer,Mens,516503
2008,Siena,Soccer,Mens,467991
2007,Siena,Soccer,Mens,406846
2006,Siena,Soccer,Mens,422460
2005,Siena,Soccer,Mens,360301
2017,Siena,Soccer,Womens,810478
2016,Siena,Soccer,Womens,740021
2015,Siena,Soccer,Womens,761705
2014,Siena,Soccer,Womens,721574
2013,Siena,Soccer,Womens,625523
2012,Siena,Soccer,Womens,563390
2011,Siena,Soccer,Womens,594110
2010,Siena,Soccer,Womens,596838
2009,Siena,Soccer,Womens,489831
2008,Siena,Soccer,Womens,456543
2007,Siena,Soccer,Womens,432772
2006,Siena,Soccer,Womens,437996
2005,Siena,Soccer,Womens,362751
2017,Siena,Softball,Womens,640955
2016,Siena,Softball,Womens,591089
2015,Siena,Softball,Womens,519014
2014,Siena,Softball,Womens,539284
2013,Siena,Softball,Womens,472554
2012,Siena,Softball,Womens,529800
2011,Siena,Softball,Womens,534261
2010,Siena,Softball,Womens,481305
2009,Siena,Softball,Womens,445308
2008,Siena,Softball,Womens,439555
2007,Siena,Softball,Womens,370741
2006,Siena,Softball,Womens,395825
2005,Siena,Softball,Womens,410028
2017,Siena,Tennis,Mens,191543
2016,Siena,Tennis,Mens,137763
2015,Siena,Tennis,Mens,71617
2014,Siena,Tennis,Mens,117357
2013,Siena,Tennis,Mens,110015
2012,Siena,Tennis,Mens,123707
2011,Siena,Tennis,Mens,120483
2010,Siena,Tennis,Mens,78512
2009,Siena,Tennis,Mens,77557
2008,Siena,Tennis,Mens,76149
2007,Siena,Tennis,Mens,83636
2006,Siena,Tennis,Mens,69015
2005,Siena,Tennis,Mens,39450
2017,Siena,Tennis,Womens,219419
2016,Siena,Tennis,Womens,218245
2015,Siena,Tennis,Womens,173572
2014,Siena,Tennis,Womens,170722
2013,Siena,Tennis,Womens,157429
2012,Siena,Tennis,Womens,150757
2011,Siena,Tennis,Womens,146291
2010,Siena,Tennis,Womens,131727
2009,Siena,Tennis,Womens,118330
2008,Siena,Tennis,Womens,102616
2007,Siena,Tennis,Womens,119271
2006,Siena,Tennis,Womens,120736
2005,Siena,Tennis,Womens,69438
2017,Siena,XC,Mens,140470
2016,Siena,XC,Mens,169312
2015,Siena,XC,Mens,214428
2014,Siena,XC,Mens,127715
2013,Siena,XC,Mens,130462
2012,Siena,XC,Mens,103172
2011,Siena,XC,Mens,91547
2010,Siena,XC,Mens,79423
2009,Siena,XC,Mens,74673
2008,Siena,XC,Mens,88447
2007,Siena,XC,Mens,58857
2006,Siena,XC,Mens,53572
2005,Siena,XC,Mens,50931
2017,Siena,XC,Womens,96862
2016,Siena,XC,Womens,90958
2015,Siena,XC,Womens,137380
2014,Siena,XC,Womens,80015
2013,Siena,XC,Womens,84269
2012,Siena,XC,Womens,91763
2011,Siena,XC,Womens,54874
2010,Siena,XC,Womens,74203
2009,Siena,XC,Womens,88747
2008,Siena,XC,Womens,69494
2007,Siena,XC,Womens,58857
2006,Siena,XC,Womens,55758
2005,Siena,XC,Womens,79662
2017,Siena,Volleyball,Womens,863222
2016,Siena,Volleyball,Womens,833437
2015,Siena,Volleyball,Womens,800323
2014,Siena,Volleyball,Womens,789363
2013,Siena,Volleyball,Womens,704055
2012,Siena,Volleyball,Womens,701124
2011,Siena,Volleyball,Womens,636945
2010,Siena,Volleyball,Womens,639505
2009,Siena,Volleyball,Womens,565536
2008,Siena,Volleyball,Womens,546604
2007,Siena,Volleyball,Womens,505350
2006,Siena,Volleyball,Womens,484478
2005,Siena,Volleyball,Womens,409831
2017,Siena,Water Polo,Womens,155566
2016,Siena,Water Polo,Womens,183444
2015,Siena,Water Polo,Womens,171981
2014,Siena,Water Polo,Womens,152848
2013,Siena,Water Polo,Womens,161014
2012,Siena,Water Polo,Womens,176161
2011,Siena,Water Polo,Womens,181374
2010,Siena,Water Polo,Womens,146234
2009,Siena,Water Polo,Womens,135558
2008,Siena,Water Polo,Womens,120070
2007,Siena,Water Polo,Womens,110832
2006,Siena,Water Polo,Womens,79310
2005,Siena,Water Polo,Womens,35723
2017,Marist,Baseball,Mens,882159
2016,Marist,Baseball,Mens,867934
2015,Marist,Baseball,Mens,753548
2014,Marist,Baseball,Mens,733704
2013,Marist,Baseball,Mens,703772
2012,Marist,Baseball,Mens,627006
2011,Marist,Baseball,Mens,577930
2010,Marist,Baseball,Mens,553159
2009,Marist,Baseball,Mens,549924
2008,Marist,Baseball,Mens,460852
2007,Marist,Baseball,Mens,434413
2006,Marist,Baseball,Mens,403080
2005,Marist,Baseball,Mens,411351
2017,Marist,Basketball,Mens,2196095
2016,Marist,Basketball,Mens,1803822
2015,Marist,Basketball,Mens,1865144
2014,Marist,Basketball,Mens,1818576
2013,Marist,Basketball,Mens,1916865
2012,Marist,Basketball,Mens,1757998
2011,Marist,Basketball,Mens,1523137
2010,Marist,Basketball,Mens,1457574
2009,Marist,Basketball,Mens,1472319
2008,Marist,Basketball,Mens,1376465
2007,Marist,Basketball,Mens,1229400
2006,Marist,Basketball,Mens,1047982
2005,Marist,Basketball,Mens,1022916
2017,Marist,Basketball,Womens,1767994
2016,Marist,Basketball,Womens,1648694
2015,Marist,Basketball,Womens,1552269
2014,Marist,Basketball,Womens,1547057
2013,Marist,Basketball,Womens,1529320
2012,Marist,Basketball,Womens,1571841
2011,Marist,Basketball,Womens,1435614
2010,Marist,Basketball,Womens,1443617
2009,Marist,Basketball,Womens,1380054
2008,Marist,Basketball,Womens,1098350
2007,Marist,Basketball,Womens,990842
2006,Marist,Basketball,Womens,884894
2005,Marist,Basketball,Womens,921723
2017,Marist,Football,Mens,1381490
2016,Marist,Football,Mens,1281009
2015,Marist,Football,Mens,1186017
2014,Marist,Football,Mens,1033944
2013,Marist,Football,Mens,1033928
2012,Marist,Football,Mens,968943
2011,Marist,Football,Mens,870416
2010,Marist,Football,Mens,836740
2009,Marist,Football,Mens,760699
2008,Marist,Football,Mens,560376
2007,Marist,Football,Mens,511305
2006,Marist,Football,Mens,456575
2005,Marist,Football,Mens,390724
2017,Marist,S + D,Womens,358864
2016,Marist,S + D,Womens,358682
2015,Marist,S + D,Womens,361732
2014,Marist,S + D,Womens,335380
2013,Marist,S + D,Womens,321087
2012,Marist,S + D,Womens,284537
2011,Marist,S + D,Womens,271841
2010,Marist,S + D,Womens,264737
2009,Marist,S + D,Womens,264987
2008,Marist,S + D,Womens,239510
2007,Marist,S + D,Womens,234271
2006,Marist,S + D,Womens,231453
2005,Marist,S + D,Womens,213858
2017,Marist,Lacrosse,Mens,959007
2016,Marist,Lacrosse,Mens,898942
2015,Marist,Lacrosse,Mens,726460
2014,Marist,Lacrosse,Mens,616421
2013,Marist,Lacrosse,Mens,513919
2012,Marist,Lacrosse,Mens,431359
2011,Marist,Lacrosse,Mens,401082
2010,Marist,Lacrosse,Mens,428729
2009,Marist,Lacrosse,Mens,258534
2008,Marist,Lacrosse,Mens,176646
2007,Marist,Lacrosse,Mens,169176
2006,Marist,Lacrosse,Mens,213300
2005,Marist,Lacrosse,Mens,165480
2017,Marist,Lacrosse,Womens,666845
2016,Marist,Lacrosse,Womens,571658
2015,Marist,Lacrosse,Womens,493640
2014,Marist,Lacrosse,Womens,512619
2013,Marist,Lacrosse,Womens,425490
2012,Marist,Lacrosse,Womens,359966
2011,Marist,Lacrosse,Womens,333949
2010,Marist,Lacrosse,Womens,245865
2009,Marist,Lacrosse,Womens,244517
2008,Marist,Lacrosse,Womens,215738
2007,Marist,Lacrosse,Womens,208207
2006,Marist,Lacrosse,Womens,195528
2005,Marist,Lacrosse,Womens,204122
2017,Marist,Soccer,Mens,632578
2016,Marist,Soccer,Mens,617437
2015,Marist,Soccer,Mens,631664
2014,Marist,Soccer,Mens,536165
2013,Marist,Soccer,Mens,525467
2012,Marist,Soccer,Mens,507086
2011,Marist,Soccer,Mens,481201
2010,Marist,Soccer,Mens,450452
2009,Marist,Soccer,Mens,402318
2008,Marist,Soccer,Mens,343059
2007,Marist,Soccer,Mens,299901
2006,Marist,Soccer,Mens,301641
2005,Marist,Soccer,Mens,287042
2017,Marist,Soccer,Womens,633863
2016,Marist,Soccer,Womens,596253
2015,Marist,Soccer,Womens,560246
2014,Marist,Soccer,Womens,530022
2013,Marist,Soccer,Womens,512856
2012,Marist,Soccer,Womens,486249
2011,Marist,Soccer,Womens,484247
2010,Marist,Soccer,Womens,441234
2009,Marist,Soccer,Womens,414591
2008,Marist,Soccer,Womens,343796
2007,Marist,Soccer,Womens,338144
2006,Marist,Soccer,Womens,337853
2005,Marist,Soccer,Womens,310022
2017,Marist,Softball,Womens,584920
2016,Marist,Softball,Womens,546219
2015,Marist,Softball,Womens,566801
2014,Marist,Softball,Womens,487474
2013,Marist,Softball,Womens,484421
2012,Marist,Softball,Womens,450876
2011,Marist,Softball,Womens,412275
2010,Marist,Softball,Womens,388492
2009,Marist,Softball,Womens,356552
2008,Marist,Softball,Womens,324952
2007,Marist,Softball,Womens,283982
2006,Marist,Softball,Womens,248914
2005,Marist,Softball,Womens,180526
2017,Marist,Tennis,Mens,209042
2016,Marist,Tennis,Mens,215644
2015,Marist,Tennis,Mens,163317
2014,Marist,Tennis,Mens,161503
2013,Marist,Tennis,Mens,178005
2012,Marist,Tennis,Mens,177191
2011,Marist,Tennis,Mens,141833
2010,Marist,Tennis,Mens,166792
2009,Marist,Tennis,Mens,155131
2008,Marist,Tennis,Mens,123767
2007,Marist,Tennis,Mens,115521
2006,Marist,Tennis,Mens,107475
2005,Marist,Tennis,Mens,90368
2017,Marist,Tennis,Womens,162069
2016,Marist,Tennis,Womens,172377
2015,Marist,Tennis,Womens,163637
2014,Marist,Tennis,Womens,147657
2013,Marist,Tennis,Womens,119835
2012,Marist,Tennis,Womens,159881
2011,Marist,Tennis,Womens,116881
2010,Marist,Tennis,Womens,136301
2009,Marist,Tennis,Womens,123308
2008,Marist,Tennis,Womens,114527
2007,Marist,Tennis,Womens,114598
2006,Marist,Tennis,Womens,93272
2005,Marist,Tennis,Womens,87453
2017,Marist,XC + TF,Mens,286536
2016,Marist,XC + TF,Mens,321889
2015,Marist,XC + TF,Mens,253812
2014,Marist,XC + TF,Mens,231336
2013,Marist,XC + TF,Mens,243532
2012,Marist,XC + TF,Mens,237013
2011,Marist,XC + TF,Mens,194692
2010,Marist,XC + TF,Mens,260547
2009,Marist,XC + TF,Mens,225722
2008,Marist,XC + TF,Mens,139065
2007,Marist,XC + TF,Mens,142584
2006,Marist,XC + TF,Mens,138640
2005,Marist,XC + TF,Mens,139175
2017,Marist,XC + TF,Womens,463500
2016,Marist,XC + TF,Womens,456958
2015,Marist,XC + TF,Womens,425546
2014,Marist,XC + TF,Womens,400503
2013,Marist,XC + TF,Womens,344342
2012,Marist,XC + TF,Womens,324407
2011,Marist,XC + TF,Womens,323425
2010,Marist,XC + TF,Womens,282486
2009,Marist,XC + TF,Womens,262652
2008,Marist,XC + TF,Womens,198349
2007,Marist,XC + TF,Womens,201919
2006,Marist,XC + TF,Womens,195832
2005,Marist,XC + TF,Womens,188248
2017,Marist,Volleyball,Womens,427522
2016,Marist,Volleyball,Womens,431760
2015,Marist,Volleyball,Womens,473556
2014,Marist,Volleyball,Womens,440731
2013,Marist,Volleyball,Womens,445885
2012,Marist,Volleyball,Womens,387408
2011,Marist,Volleyball,Womens,373986
2010,Marist,Volleyball,Womens,381346
2009,Marist,Volleyball,Womens,338687
2008,Marist,Volleyball,Womens,249048
2007,Marist,Volleyball,Womens,260255
2006,Marist,Volleyball,Womens,202910
2005,Marist,Volleyball,Womens,214463
2017,Marist,Water Polo,Womens,470068
2016,Marist,Water Polo,Womens,407352
2015,Marist,Water Polo,Womens,357611
2014,Marist,Water Polo,Womens,345254
2013,Marist,Water Polo,Womens,300891
2012,Marist,Water Polo,Womens,287839
2011,Marist,Water Polo,Womens,253127
2010,Marist,Water Polo,Womens,243959
2009,Marist,Water Polo,Womens,209835
2008,Marist,Water Polo,Womens,207652
2007,Marist,Water Polo,Womens,199390
2006,Marist,Water Polo,Womens,140674
2005,Marist,Water Polo,Womens,110573
2017,Marist,S + D,Mens,422021
2016,Marist,S + D,Mens,378217
2015,Marist,S + D,Mens,373096
2014,Marist,S + D,Mens,310356
2013,Marist,S + D,Mens,341266
2012,Marist,S + D,Mens,296854
2011,Marist,S + D,Mens,287200
2010,Marist,S + D,Mens,263205
2009,Marist,S + D,Mens,265835
2008,Marist,S + D,Mens,249546
2007,Marist,S + D,Mens,220793
2006,Marist,S + D,Mens,235670
2005,Marist,S + D,Mens,228772
2017,Manhattan,Baseball,Mens,1009856
2016,Manhattan,Baseball,Mens,930738
2015,Manhattan,Baseball,Mens,898809
2014,Manhattan,Baseball,Mens,713302
2013,Manhattan,Baseball,Mens,663647
2012,Manhattan,Baseball,Mens,604913
2011,Manhattan,Baseball,Mens,616936
2010,Manhattan,Baseball,Mens,589157
2009,Manhattan,Baseball,Mens,542409
2008,Manhattan,Baseball,Mens,514190
2007,Manhattan,Baseball,Mens,478360
2006,Manhattan,Baseball,Mens,470737
2005,Manhattan,Baseball,Mens,382446
2017,Manhattan,Basketball,Mens,2286578
2016,Manhattan,Basketball,Mens,2337236
2015,Manhattan,Basketball,Mens,2097510
2014,Manhattan,Basketball,Mens,1995054
2013,Manhattan,Basketball,Mens,1915283
2012,Manhattan,Basketball,Mens,1746018
2011,Manhattan,Basketball,Mens,1614245
2010,Manhattan,Basketball,Mens,1824564
2009,Manhattan,Basketball,Mens,1358614
2008,Manhattan,Basketball,Mens,1262772
2007,Manhattan,Basketball,Mens,1307897
2006,Manhattan,Basketball,Mens,1094191
2005,Manhattan,Basketball,Mens,1089137
2017,Manhattan,Basketball,Womens,1752307
2016,Manhattan,Basketball,Womens,1559495
2015,Manhattan,Basketball,Womens,1660270
2014,Manhattan,Basketball,Womens,1434446
2013,Manhattan,Basketball,Womens,1351208
2012,Manhattan,Basketball,Womens,1326219
2011,Manhattan,Basketball,Womens,1173931
2010,Manhattan,Basketball,Womens,1144868
2009,Manhattan,Basketball,Womens,1046448
2008,Manhattan,Basketball,Womens,923268
2007,Manhattan,Basketball,Womens,910647
2006,Manhattan,Basketball,Womens,894034
2005,Manhattan,Basketball,Womens,794167
2017,Manhattan,Golf,Mens,139206
2016,Manhattan,Golf,Mens,128292
2015,Manhattan,Golf,Mens,117275
2014,Manhattan,Golf,Mens,102642
2013,Manhattan,Golf,Mens,101367
2012,Manhattan,Golf,Mens,155464
2011,Manhattan,Golf,Mens,101184
2010,Manhattan,Golf,Mens,121246
2009,Manhattan,Golf,Mens,86426
2008,Manhattan,Golf,Mens,75024
2007,Manhattan,Golf,Mens,77198
2006,Manhattan,Golf,Mens,53676
2005,Manhattan,Golf,Mens,52117
2017,Manhattan,Swim,Womens,207776
2016,Manhattan,Swim,Womens,198983
2015,Manhattan,Swim,Womens,227831
2014,Manhattan,Swim,Womens,195260
2013,Manhattan,Swim,Womens,182184
2012,Manhattan,Swim,Womens,156207
2011,Manhattan,Swim,Womens,161995
2010,Manhattan,Swim,Womens,143479
2009,Manhattan,Swim,Womens,137881
2008,Manhattan,Swim,Womens,119027
2007,Manhattan,Swim,Womens,118719
2006,Manhattan,Swim,Womens,80315
2005,Manhattan,Swim,Womens,68088
2017,Manhattan,Lacrosse,Mens,970387
2016,Manhattan,Lacrosse,Mens,851377
2015,Manhattan,Lacrosse,Mens,745909
2014,Manhattan,Lacrosse,Mens,643442
2013,Manhattan,Lacrosse,Mens,579656
2012,Manhattan,Lacrosse,Mens,530353
2011,Manhattan,Lacrosse,Mens,525466
2010,Manhattan,Lacrosse,Mens,497524
2009,Manhattan,Lacrosse,Mens,518326
2008,Manhattan,Lacrosse,Mens,318968
2007,Manhattan,Lacrosse,Mens,320894
2006,Manhattan,Lacrosse,Mens,250227
2005,Manhattan,Lacrosse,Mens,251894
2017,Manhattan,Lacrosse,Womens,847365
2016,Manhattan,Lacrosse,Womens,731450
2015,Manhattan,Lacrosse,Womens,613080
2014,Manhattan,Lacrosse,Womens,550600
2013,Manhattan,Lacrosse,Womens,417717
2012,Manhattan,Lacrosse,Womens,353343
2011,Manhattan,Lacrosse,Womens,305654
2010,Manhattan,Lacrosse,Womens,285724
2009,Manhattan,Lacrosse,Womens,272657
2008,Manhattan,Lacrosse,Womens,177217
2007,Manhattan,Lacrosse,Womens,160865
2006,Manhattan,Lacrosse,Womens,151624
2005,Manhattan,Lacrosse,Womens,163242
2017,Manhattan,Soccer,Mens,719073
2016,Manhattan,Soccer,Mens,744897
2015,Manhattan,Soccer,Mens,581783
2014,Manhattan,Soccer,Mens,534460
2013,Manhattan,Soccer,Mens,483982
2012,Manhattan,Soccer,Mens,382817
2011,Manhattan,Soccer,Mens,358182
2010,Manhattan,Soccer,Mens,344715
2009,Manhattan,Soccer,Mens,323579
2008,Manhattan,Soccer,Mens,333331
2007,Manhattan,Soccer,Mens,293060
2006,Manhattan,Soccer,Mens,261541
2005,Manhattan,Soccer,Mens,226134
2017,Manhattan,Soccer,Womens,685727
2016,Manhattan,Soccer,Womens,588015
2015,Manhattan,Soccer,Womens,546367
2014,Manhattan,Soccer,Womens,494899
2013,Manhattan,Soccer,Womens,450196
2012,Manhattan,Soccer,Womens,372152
2011,Manhattan,Soccer,Womens,343141
2010,Manhattan,Soccer,Womens,298417
2009,Manhattan,Soccer,Womens,320117
2008,Manhattan,Soccer,Womens,288451
2007,Manhattan,Soccer,Womens,278440
2006,Manhattan,Soccer,Womens,269356
2005,Manhattan,Soccer,Womens,210885
2017,Manhattan,Softball,Womens,783665
2016,Manhattan,Softball,Womens,627294
2015,Manhattan,Softball,Womens,610311
2014,Manhattan,Softball,Womens,508342
2013,Manhattan,Softball,Womens,421546
2012,Manhattan,Softball,Womens,408242
2011,Manhattan,Softball,Womens,375367
2010,Manhattan,Softball,Womens,438856
2009,Manhattan,Softball,Womens,418727
2008,Manhattan,Softball,Womens,348543
2007,Manhattan,Softball,Womens,213657
2006,Manhattan,Softball,Womens,230519
2005,Manhattan,Softball,Womens,182556
2017,Manhattan,Volleyball,Womens,577986
2016,Manhattan,Volleyball,Womens,649690
2015,Manhattan,Volleyball,Womens,637274
2014,Manhattan,Volleyball,Womens,571615
2013,Manhattan,Volleyball,Womens,591647
2012,Manhattan,Volleyball,Womens,513002
2011,Manhattan,Volleyball,Womens,414314
2010,Manhattan,Volleyball,Womens,310383
2009,Manhattan,Volleyball,Womens,270947
2008,Manhattan,Volleyball,Womens,244790
2007,Manhattan,Volleyball,Womens,201500
2006,Manhattan,Volleyball,Womens,212268
2005,Manhattan,Volleyball,Womens,198686
2017,Canisius,Baseball,Mens,688376
2016,Canisius,Baseball,Mens,732702
2015,Canisius,Baseball,Mens,663862
2014,Canisius,Baseball,Mens,710265
2013,Canisius,Baseball,Mens,648807
2012,Canisius,Baseball,Mens,628900
2011,Canisius,Baseball,Mens,593420
2010,Canisius,Baseball,Mens,542316
2009,Canisius,Baseball,Mens,539236
2008,Canisius,Baseball,Mens,432358
2007,Canisius,Baseball,Mens,389603
2006,Canisius,Baseball,Mens,325780
2005,Canisius,Baseball,Mens,243444
2017,Canisius,Basketball,Mens,1791284
2016,Canisius,Basketball,Mens,1673040
2015,Canisius,Basketball,Mens,2027506
2014,Canisius,Basketball,Mens,2050411
2013,Canisius,Basketball,Mens,1546055
2012,Canisius,Basketball,Mens,1681925
2011,Canisius,Basketball,Mens,1419873
2010,Canisius,Basketball,Mens,1441175
2009,Canisius,Basketball,Mens,1283661
2008,Canisius,Basketball,Mens,1260363
2007,Canisius,Basketball,Mens,1292729
2006,Canisius,Basketball,Mens,1216234
2005,Canisius,Basketball,Mens,1149252
2017,Canisius,Basketball,Womens,1461452
2016,Canisius,Basketball,Womens,1469002
2015,Canisius,Basketball,Womens,1519567
2014,Canisius,Basketball,Womens,1385578
2013,Canisius,Basketball,Womens,1468395
2012,Canisius,Basketball,Womens,1420274
2011,Canisius,Basketball,Womens,1229445
2010,Canisius,Basketball,Womens,1175235
2009,Canisius,Basketball,Womens,1213401
2008,Canisius,Basketball,Womens,1197747
2007,Canisius,Basketball,Womens,1104880
2006,Canisius,Basketball,Womens,1011165
2005,Canisius,Basketball,Womens,946894
2017,Canisius,Ice Hockey,Mens,1345655
2016,Canisius,Ice Hockey,Mens,1223656
2015,Canisius,Ice Hockey,Mens,1144256
2014,Canisius,Ice Hockey,Mens,991566
2013,Canisius,Ice Hockey,Mens,1073747
2012,Canisius,Ice Hockey,Mens,1075586
2011,Canisius,Ice Hockey,Mens,961032
2010,Canisius,Ice Hockey,Mens,897751
2009,Canisius,Ice Hockey,Mens,820771
2008,Canisius,Ice Hockey,Mens,747928
2007,Canisius,Ice Hockey,Mens,600272
2006,Canisius,Ice Hockey,Mens,520397
2005,Canisius,Ice Hockey,Mens,549602
2017,Canisius,Golf,Womens,153953
2016,Canisius,Golf,Womens,126502
2015,Canisius,Golf,Womens,123704
2014,Canisius,Golf,Womens,106800
2013,Canisius,Golf,Womens,109140
2012,Canisius,Golf,Womens,118441
2011,Canisius,Golf,Womens,123233
2010,Canisius,Golf,Womens,108365
2009,Canisius,Golf,Womens,106845
2008,Canisius,Golf,Womens,79922
2007,Canisius,Golf,Womens,76351
2006,Canisius,Golf,Womens,72372
2005,Canisius,Golf,Womens,44823
2017,Canisius,Lacrosse,Mens,702332
2016,Canisius,Lacrosse,Mens,704942
2015,Canisius,Lacrosse,Mens,607741
2014,Canisius,Lacrosse,Mens,603606
2013,Canisius,Lacrosse,Mens,598726
2012,Canisius,Lacrosse,Mens,537968
2011,Canisius,Lacrosse,Mens,537422
2010,Canisius,Lacrosse,Mens,441473
2009,Canisius,Lacrosse,Mens,469462
2008,Canisius,Lacrosse,Mens,371204
2007,Canisius,Lacrosse,Mens,250590
2006,Canisius,Lacrosse,Mens,224022
2005,Canisius,Lacrosse,Mens,169243
2017,Canisius,Lacrosse,Womens,643354
2016,Canisius,Lacrosse,Womens,578306
2015,Canisius,Lacrosse,Womens,455077
2014,Canisius,Lacrosse,Womens,455752
2013,Canisius,Lacrosse,Womens,420580
2012,Canisius,Lacrosse,Womens,441411
2011,Canisius,Lacrosse,Womens,362745
2010,Canisius,Lacrosse,Womens,359921
2009,Canisius,Lacrosse,Womens,324117
2008,Canisius,Lacrosse,Womens,295792
2007,Canisius,Lacrosse,Womens,221063
2006,Canisius,Lacrosse,Womens,168442
2005,Canisius,Lacrosse,Womens,90778
2017,Canisius,Soccer,Mens,602428
2016,Canisius,Soccer,Mens,575063
2015,Canisius,Soccer,Mens,637882
2014,Canisius,Soccer,Mens,507728
2013,Canisius,Soccer,Mens,478474
2012,Canisius,Soccer,Mens,491713
2011,Canisius,Soccer,Mens,508829
2010,Canisius,Soccer,Mens,521478
2009,Canisius,Soccer,Mens,460517
2008,Canisius,Soccer,Mens,408010
2007,Canisius,Soccer,Mens,351770
2006,Canisius,Soccer,Mens,236349
2005,Canisius,Soccer,Mens,240813
2017,Canisius,Soccer,Womens,615375
2016,Canisius,Soccer,Womens,523471
2015,Canisius,Soccer,Womens,632135
2014,Canisius,Soccer,Womens,532035
2013,Canisius,Soccer,Womens,553992
2012,Canisius,Soccer,Womens,479573
2011,Canisius,Soccer,Womens,481754
2010,Canisius,Soccer,Womens,451873
2009,Canisius,Soccer,Womens,444668
2008,Canisius,Soccer,Womens,356142
2007,Canisius,Soccer,Womens,307715
2006,Canisius,Soccer,Womens,263205
2005,Canisius,Soccer,Womens,221765
2017,Canisius,Softball,Womens,576651
2016,Canisius,Softball,Womens,610261
2015,Canisius,Softball,Womens,630992
2014,Canisius,Softball,Womens,635752
2013,Canisius,Softball,Womens,605940
2012,Canisius,Softball,Womens,596784
2011,Canisius,Softball,Womens,609759
2010,Canisius,Softball,Womens,569427
2009,Canisius,Softball,Womens,607282
2008,Canisius,Softball,Womens,520580
2007,Canisius,Softball,Womens,506517
2006,Canisius,Softball,Womens,511087
2005,Canisius,Softball,Womens,434221
2017,Canisius,S + D,Mens,200404
2016,Canisius,S + D,Mens,204180
2015,Canisius,S + D,Mens,153319
2014,Canisius,S + D,Mens,191012
2013,Canisius,S + D,Mens,191291
2012,Canisius,S + D,Mens,180033
2011,Canisius,S + D,Mens,158651
2010,Canisius,S + D,Mens,115551
2009,Canisius,S + D,Mens,108006
2008,Canisius,S + D,Mens,71452
2007,Canisius,S + D,Mens,102334
2006,Canisius,S + D,Mens,76113
2005,Canisius,S + D,Mens,42725
2017,Canisius,S + D,Womens,182479
2016,Canisius,S + D,Womens,178328
2015,Canisius,S + D,Womens,187704
2014,Canisius,S + D,Womens,162738
2013,Canisius,S + D,Womens,148878
2012,Canisius,S + D,Womens,141455
2011,Canisius,S + D,Womens,144468
2010,Canisius,S + D,Womens,120320
2009,Canisius,S + D,Womens,116281
2008,Canisius,S + D,Womens,91824
2007,Canisius,S + D,Womens,76605
2006,Canisius,S + D,Womens,75363
2005,Canisius,S + D,Womens,50214
2017,Canisius,Volleyball,Womens,599799
2016,Canisius,Volleyball,Womens,577523
2015,Canisius,Volleyball,Womens,611676
2014,Canisius,Volleyball,Womens,560877
2013,Canisius,Volleyball,Womens,591159
2012,Canisius,Volleyball,Womens,553018
2011,Canisius,Volleyball,Womens,540958
2010,Canisius,Volleyball,Womens,566155
2009,Canisius,Volleyball,Womens,506509
2008,Canisius,Volleyball,Womens,491342
2007,Canisius,Volleyball,Womens,508223
2006,Canisius,Volleyball,Womens,431979
2005,Canisius,Volleyball,Womens,344797
2017,Iona,Baseball,Mens,609126
2016,Iona,Baseball,Mens,627802
2015,Iona,Baseball,Mens,575883
2014,Iona,Baseball,Mens,566274
2013,Iona,Baseball,Mens,448279
2012,Iona,Baseball,Mens,511703
2011,Iona,Baseball,Mens,406757
2010,Iona,Baseball,Mens,442591
2009,Iona,Baseball,Mens,413733
2008,Iona,Baseball,Mens,321157
2007,Iona,Baseball,Mens,298189
2006,Iona,Baseball,Mens,361632
2005,Iona,Baseball,Mens,331291
2017,Iona,Basketball,Mens,2755804
2016,Iona,Basketball,Mens,2514963
2015,Iona,Basketball,Mens,2308176
2014,Iona,Basketball,Mens,2162934
2013,Iona,Basketball,Mens,2159414
2012,Iona,Basketball,Mens,1942825
2011,Iona,Basketball,Mens,1691344
2010,Iona,Basketball,Mens,1547268
2009,Iona,Basketball,Mens,1359547
2008,Iona,Basketball,Mens,1669963
2007,Iona,Basketball,Mens,1536292
2006,Iona,Basketball,Mens,1658922
2005,Iona,Basketball,Mens,1348159
2017,Iona,Basketball,Womens,1731995
2016,Iona,Basketball,Womens,1598331
2015,Iona,Basketball,Womens,1673227
2014,Iona,Basketball,Womens,1487366
2013,Iona,Basketball,Womens,1468020
2012,Iona,Basketball,Womens,1584679
2011,Iona,Basketball,Womens,1574506
2010,Iona,Basketball,Womens,1472584
2009,Iona,Basketball,Womens,1463921
2008,Iona,Basketball,Womens,1279091
2007,Iona,Basketball,Womens,1144987
2006,Iona,Basketball,Womens,1085839
2005,Iona,Basketball,Womens,898498
2017,Iona,Golf,Mens,126215
2016,Iona,Golf,Mens,93752
2015,Iona,Golf,Mens,88459
2014,Iona,Golf,Mens,103131
2013,Iona,Golf,Mens,71213
2012,Iona,Golf,Mens,76156
2011,Iona,Golf,Mens,38955
2010,Iona,Golf,Mens,69517
2009,Iona,Golf,Mens,77013
2008,Iona,Golf,Mens,87234
2007,Iona,Golf,Mens,52731
2006,Iona,Golf,Mens,97007
2005,Iona,Golf,Mens,67582
2017,Iona,Soccer,Mens,415639
2016,Iona,Soccer,Mens,464862
2015,Iona,Soccer,Mens,532494
2014,Iona,Soccer,Mens,425579
2013,Iona,Soccer,Mens,485385
2012,Iona,Soccer,Mens,458541
2011,Iona,Soccer,Mens,459560
2010,Iona,Soccer,Mens,397793
2009,Iona,Soccer,Mens,340099
2008,Iona,Soccer,Mens,315184
2007,Iona,Soccer,Mens,254405
2006,Iona,Soccer,Mens,296613
2005,Iona,Soccer,Mens,235852
2017,Iona,Soccer,Womens,522929
2016,Iona,Soccer,Womens,466844
2015,Iona,Soccer,Womens,460887
2014,Iona,Soccer,Womens,461057
2013,Iona,Soccer,Womens,432483
2012,Iona,Soccer,Womens,474126
2011,Iona,Soccer,Womens,433691
2010,Iona,Soccer,Womens,334884
2009,Iona,Soccer,Womens,302289
2008,Iona,Soccer,Womens,275887
2007,Iona,Soccer,Womens,263629
2006,Iona,Soccer,Womens,279473
2005,Iona,Soccer,Womens,239828
2017,Iona,Softball,Womens,525712
2016,Iona,Softball,Womens,537878
2015,Iona,Softball,Womens,565851
2014,Iona,Softball,Womens,522450
2013,Iona,Softball,Womens,489088
2012,Iona,Softball,Womens,400207
2011,Iona,Softball,Womens,493403
2010,Iona,Softball,Womens,452629
2009,Iona,Softball,Womens,410770
2008,Iona,Softball,Womens,280404
2007,Iona,Softball,Womens,267701
2006,Iona,Softball,Womens,268528
2005,Iona,Softball,Womens,235215
2017,Iona,Lacrosse,Womens,478903
2016,Iona,Lacrosse,Womens,415377
2015,Iona,Lacrosse,Womens,365365
2014,Iona,Lacrosse,Womens,319818
2013,Iona,Lacrosse,Womens,286376
2012,Iona,Lacrosse,Womens,261105
2011,Iona,Lacrosse,Womens,275628
2010,Iona,Lacrosse,Womens,237724
2009,Iona,Lacrosse,Womens,206045
2008,Iona,Lacrosse,Womens,209844
2007,Iona,Lacrosse,Womens,154834
2006,Iona,Lacrosse,Womens,169587
2005,Iona,Lacrosse,Womens,116237
2017,Iona,Volleyball,Womens,448940
2016,Iona,Volleyball,Womens,424250
2015,Iona,Volleyball,Womens,395303
2014,Iona,Volleyball,Womens,364698
2013,Iona,Volleyball,Womens,412537
2012,Iona,Volleyball,Womens,380281
2011,Iona,Volleyball,Womens,358666
2010,Iona,Volleyball,Womens,364763
2009,Iona,Volleyball,Womens,331875
2008,Iona,Volleyball,Womens,249457
2007,Iona,Volleyball,Womens,275739
2006,Iona,Volleyball,Womens,247097
2005,Iona,Volleyball,Womens,201930
2017,Iona,Water Polo,Womens,181653
2016,Iona,Water Polo,Womens,118144
2015,Iona,Water Polo,Womens,167418
2014,Iona,Water Polo,Womens,153024
2013,Iona,Water Polo,Womens,133984
2012,Iona,Water Polo,Womens,142744
2011,Iona,Water Polo,Womens,131514
2010,Iona,Water Polo,Womens,119969
2009,Iona,Water Polo,Womens,75782
2008,Iona,Water Polo,Womens,64560
2007,Iona,Water Polo,Womens,51963
2006,Iona,Water Polo,Womens,61018
2005,Iona,Water Polo,Womens,32583
2017,Fairfield,Baseball,Mens,724635
2016,Fairfield,Baseball,Mens,771647
2015,Fairfield,Baseball,Mens,679111
2014,Fairfield,Baseball,Mens,674735
2013,Fairfield,Baseball,Mens,620835
2012,Fairfield,Baseball,Mens,516812
2011,Fairfield,Baseball,Mens,612879
2010,Fairfield,Baseball,Mens,548984
2009,Fairfield,Baseball,Mens,509382
2008,Fairfield,Baseball,Mens,471376
2007,Fairfield,Baseball,Mens,359941
2006,Fairfield,Baseball,Mens,245822
2005,Fairfield,Baseball,Mens,202237
2017,Fairfield,Basketball,Mens,2843588
2016,Fairfield,Basketball,Mens,2582865
2015,Fairfield,Basketball,Mens,2590915
2014,Fairfield,Basketball,Mens,2573166
2013,Fairfield,Basketball,Mens,2398003
2012,Fairfield,Basketball,Mens,2230121
2011,Fairfield,Basketball,Mens,2314179
2010,Fairfield,Basketball,Mens,2229431
2009,Fairfield,Basketball,Mens,1954687
2008,Fairfield,Basketball,Mens,1835857
2007,Fairfield,Basketball,Mens,1977644
2006,Fairfield,Basketball,Mens,1601522
2005,Fairfield,Basketball,Mens,1373851
2017,Fairfield,Basketball,Womens,1810881
2016,Fairfield,Basketball,Womens,1704537
2015,Fairfield,Basketball,Womens,1817467
2014,Fairfield,Basketball,Womens,1655577
2013,Fairfield,Basketball,Womens,1609163
2012,Fairfield,Basketball,Womens,1578701
2011,Fairfield,Basketball,Womens,1545912
2010,Fairfield,Basketball,Womens,1489600
2009,Fairfield,Basketball,Womens,1468716
2008,Fairfield,Basketball,Womens,1452894
2007,Fairfield,Basketball,Womens,1449861
2006,Fairfield,Basketball,Womens,1296498
2005,Fairfield,Basketball,Womens,1282504
2017,Fairfield,Golf,Mens,94898
2016,Fairfield,Golf,Mens,84487
2015,Fairfield,Golf,Mens,97459
2014,Fairfield,Golf,Mens,97549
2013,Fairfield,Golf,Mens,93765
2012,Fairfield,Golf,Mens,73290
2011,Fairfield,Golf,Mens,79920
2010,Fairfield,Golf,Mens,57586
2009,Fairfield,Golf,Mens,66794
2008,Fairfield,Golf,Mens,58438
2007,Fairfield,Golf,Mens,40639
2006,Fairfield,Golf,Mens,56190
2005,Fairfield,Golf,Mens,48758
2017,Fairfield,Golf,Womens,63194
2016,Fairfield,Golf,Womens,55826
2015,Fairfield,Golf,Womens,60459
2014,Fairfield,Golf,Womens,86704
2013,Fairfield,Golf,Womens,74383
2012,Fairfield,Golf,Womens,60911
2011,Fairfield,Golf,Womens,56379
2010,Fairfield,Golf,Womens,48978
2009,Fairfield,Golf,Womens,65676
2008,Fairfield,Golf,Womens,67082
2007,Fairfield,Golf,Womens,38851
2006,Fairfield,Golf,Womens,27631
2005,Fairfield,Golf,Womens,26108
2017,Fairfield,Lacrosse,Mens,1349784
2016,Fairfield,Lacrosse,Mens,1362520
2015,Fairfield,Lacrosse,Mens,1214599
2014,Fairfield,Lacrosse,Mens,1277797
2013,Fairfield,Lacrosse,Mens,1278104
2012,Fairfield,Lacrosse,Mens,1168760
2011,Fairfield,Lacrosse,Mens,1180419
2010,Fairfield,Lacrosse,Mens,1097148
2009,Fairfield,Lacrosse,Mens,1014548
2008,Fairfield,Lacrosse,Mens,902315
2007,Fairfield,Lacrosse,Mens,861930
2006,Fairfield,Lacrosse,Mens,692119
2005,Fairfield,Lacrosse,Mens,612110
2017,Fairfield,Lacrosse,Womens,785129
2016,Fairfield,Lacrosse,Womens,755437
2015,Fairfield,Lacrosse,Womens,816610
2014,Fairfield,Lacrosse,Womens,784444
2013,Fairfield,Lacrosse,Womens,658816
2012,Fairfield,Lacrosse,Womens,673798
2011,Fairfield,Lacrosse,Womens,635320
2010,Fairfield,Lacrosse,Womens,553763
2009,Fairfield,Lacrosse,Womens,434495
2008,Fairfield,Lacrosse,Womens,282274
2007,Fairfield,Lacrosse,Womens,269948
2006,Fairfield,Lacrosse,Womens,203462
2005,Fairfield,Lacrosse,Womens,200957
2017,Fairfield,Soccer,Mens,933074
2016,Fairfield,Soccer,Mens,909456
2015,Fairfield,Soccer,Mens,911601
2014,Fairfield,Soccer,Mens,812209
2013,Fairfield,Soccer,Mens,825638
2012,Fairfield,Soccer,Mens,830552
2011,Fairfield,Soccer,Mens,726159
2010,Fairfield,Soccer,Mens,808711
2009,Fairfield,Soccer,Mens,706850
2008,Fairfield,Soccer,Mens,724731
2007,Fairfield,Soccer,Mens,724978
2006,Fairfield,Soccer,Mens,598488
2005,Fairfield,Soccer,Mens,543116
2017,Fairfield,Soccer,Womens,1204844
2016,Fairfield,Soccer,Womens,1000312
2015,Fairfield,Soccer,Womens,961513
2014,Fairfield,Soccer,Womens,1014324
2013,Fairfield,Soccer,Womens,1132465
2012,Fairfield,Soccer,Womens,924899
2011,Fairfield,Soccer,Womens,808142
2010,Fairfield,Soccer,Womens,854042
2009,Fairfield,Soccer,Womens,826198
2008,Fairfield,Soccer,Womens,735111
2007,Fairfield,Soccer,Womens,695091
2006,Fairfield,Soccer,Womens,621225
2005,Fairfield,Soccer,Womens,552783
2017,Fairfield,Softball,Womens,668178
2016,Fairfield,Softball,Womens,603249
2015,Fairfield,Softball,Womens,599643
2014,Fairfield,Softball,Womens,588869
2013,Fairfield,Softball,Womens,583084
2012,Fairfield,Softball,Womens,564694
2011,Fairfield,Softball,Womens,560530
2010,Fairfield,Softball,Womens,515447
2009,Fairfield,Softball,Womens,489661
2008,Fairfield,Softball,Womens,376371
2007,Fairfield,Softball,Womens,335479
2006,Fairfield,Softball,Womens,272827
2005,Fairfield,Softball,Womens,265826
2017,Fairfield,Tennis,Mens,173948
2016,Fairfield,Tennis,Mens,130184
2015,Fairfield,Tennis,Mens,141665
2014,Fairfield,Tennis,Mens,116235
2013,Fairfield,Tennis,Mens,158047
2012,Fairfield,Tennis,Mens,149965
2011,Fairfield,Tennis,Mens,158104
2010,Fairfield,Tennis,Mens,125984
2009,Fairfield,Tennis,Mens,117896
2008,Fairfield,Tennis,Mens,98835
2007,Fairfield,Tennis,Mens,85642
2006,Fairfield,Tennis,Mens,93026
2005,Fairfield,Tennis,Mens,88877
2017,Fairfield,Tennis,Womens,149907
2016,Fairfield,Tennis,Womens,143288
2015,Fairfield,Tennis,Womens,123347
2014,Fairfield,Tennis,Womens,136031
2013,Fairfield,Tennis,Womens,139783
2012,Fairfield,Tennis,Womens,124514
2011,Fairfield,Tennis,Womens,130985
2010,Fairfield,Tennis,Womens,120197
2009,Fairfield,Tennis,Womens,112292
2008,Fairfield,Tennis,Womens,94109
2007,Fairfield,Tennis,Womens,83128
2006,Fairfield,Tennis,Womens,81523
2005,Fairfield,Tennis,Womens,56609
2017,Fairfield,XC,Mens,94121
2016,Fairfield,XC,Mens,90504
2015,Fairfield,XC,Mens,113677
2014,Fairfield,XC,Mens,121948
2013,Fairfield,XC,Mens,121841
2012,Fairfield,XC,Mens,97706
2011,Fairfield,XC,Mens,95606
2010,Fairfield,XC,Mens,85548
2009,Fairfield,XC,Mens,81566
2008,Fairfield,XC,Mens,26324
2007,Fairfield,XC,Mens,20392
2006,Fairfield,XC,Mens,17382
2005,Fairfield,XC,Mens,24034
2017,Fairfield,XC,Womens,62207
2016,Fairfield,XC,Womens,90370
2015,Fairfield,XC,Womens,81025
2014,Fairfield,XC,Womens,92844
2013,Fairfield,XC,Womens,91765
2012,Fairfield,XC,Womens,70021
2011,Fairfield,XC,Womens,82777
2010,Fairfield,XC,Womens,66082
2009,Fairfield,XC,Womens,58646
2008,Fairfield,XC,Womens,22280
2007,Fairfield,XC,Womens,23502
2006,Fairfield,XC,Womens,18783
2005,Fairfield,XC,Womens,23613
2017,Fairfield,Volleyball,Womens,794973
2016,Fairfield,Volleyball,Womens,862975
2015,Fairfield,Volleyball,Womens,763748
2014,Fairfield,Volleyball,Womens,720073
2013,Fairfield,Volleyball,Womens,763509
2012,Fairfield,Volleyball,Womens,711298
2011,Fairfield,Volleyball,Womens,732051
2010,Fairfield,Volleyball,Womens,695187
2009,Fairfield,Volleyball,Womens,624125
2008,Fairfield,Volleyball,Womens,646086
2007,Fairfield,Volleyball,Womens,582273
2006,Fairfield,Volleyball,Womens,527586
2005,Fairfield,Volleyball,Womens,415948
2017,Fairfield,S + D,Mens,229392
2016,Fairfield,S + D,Mens,215008
2015,Fairfield,S + D,Mens,220794
2014,Fairfield,S + D,Mens,163022
2013,Fairfield,S + D,Mens,128358
2012,Fairfield,S + D,Mens,140288
2011,Fairfield,S + D,Mens,182124
2010,Fairfield,S + D,Mens,233454
2009,Fairfield,S + D,Mens,198147
2008,Fairfield,S + D,Mens,100986
2007,Fairfield,S + D,Mens,72498
2006,Fairfield,S + D,Mens,79427
2005,Fairfield,S + D,Mens,75735
2017,Fairfield,S + D,Womens,283914
2016,Fairfield,S + D,Womens,215501
2015,Fairfield,S + D,Womens,236031
2014,Fairfield,S + D,Womens,195650
2013,Fairfield,S + D,Womens,163741
2012,Fairfield,S + D,Womens,198631
2011,Fairfield,S + D,Womens,238729
2010,Fairfield,S + D,Womens,273424
2009,Fairfield,S + D,Womens,228202
2008,Fairfield,S + D,Womens,143495
2007,Fairfield,S + D,Womens,91842
2006,Fairfield,S + D,Womens,92366
2005,Fairfield,S + D,Womens,89609
2017,Quinnipiac,Baseball,Mens,1035559
2016,Quinnipiac,Baseball,Mens,967445
2015,Quinnipiac,Baseball,Mens,906053
2014,Quinnipiac,Baseball,Mens,777223
2013,Quinnipiac,Baseball,Mens,958066
2012,Quinnipiac,Baseball,Mens,977927
2011,Quinnipiac,Baseball,Mens,881443
2010,Quinnipiac,Baseball,Mens,826814
2009,Quinnipiac,Baseball,Mens,786708
2008,Quinnipiac,Baseball,Mens,756228
2007,Quinnipiac,Baseball,Mens,686863
2006,Quinnipiac,Baseball,Mens,795971
2005,Quinnipiac,Baseball,Mens,605188
2017,Quinnipiac,Basketball,Mens,3193567
2016,Quinnipiac,Basketball,Mens,2609446
2015,Quinnipiac,Basketball,Mens,2516824
2014,Quinnipiac,Basketball,Mens,2415222
2013,Quinnipiac,Basketball,Mens,2489631
2012,Quinnipiac,Basketball,Mens,2329929
2011,Quinnipiac,Basketball,Mens,2465196
2010,Quinnipiac,Basketball,Mens,2437063
2009,Quinnipiac,Basketball,Mens,2002991
2008,Quinnipiac,Basketball,Mens,1699858
2007,Quinnipiac,Basketball,Mens,1101686
2006,Quinnipiac,Basketball,Mens,1116805
2005,Quinnipiac,Basketball,Mens,1010804
2017,Quinnipiac,Basketball,Womens,2714442
2016,Quinnipiac,Basketball,Womens,2575530
2015,Quinnipiac,Basketball,Womens,2287254
2014,Quinnipiac,Basketball,Womens,2175361
2013,Quinnipiac,Basketball,Womens,2164003
2012,Quinnipiac,Basketball,Womens,1988346
2011,Quinnipiac,Basketball,Womens,1814635
2010,Quinnipiac,Basketball,Womens,1526548
2009,Quinnipiac,Basketball,Womens,1523618
2008,Quinnipiac,Basketball,Womens,1197609
2007,Quinnipiac,Basketball,Womens,988976
2006,Quinnipiac,Basketball,Womens,938566
2005,Quinnipiac,Basketball,Womens,926439
2017,Quinnipiac,Golf,Mens,126215
2016,Quinnipiac,Golf,Mens,93752
2015,Quinnipiac,Golf,Mens,88459
2014,Quinnipiac,Golf,Mens,103131
2013,Quinnipiac,Golf,Mens,71213
2012,Quinnipiac,Golf,Mens,76156
2011,Quinnipiac,Golf,Mens,38955
2010,Quinnipiac,Golf,Mens,69517
2009,Quinnipiac,Golf,Mens,77013
2008,Quinnipiac,Golf,Mens,87234
2007,Quinnipiac,Golf,Mens,52731
2006,Quinnipiac,Golf,Mens,97007
2005,Quinnipiac,Golf,Mens,67582
2017,Quinnipiac,Soccer,Mens,834811
2016,Quinnipiac,Soccer,Mens,821959
2015,Quinnipiac,Soccer,Mens,792841
2014,Quinnipiac,Soccer,Mens,771430
2013,Quinnipiac,Soccer,Mens,701825
2012,Quinnipiac,Soccer,Mens,631202
2011,Quinnipiac,Soccer,Mens,588266
2010,Quinnipiac,Soccer,Mens,648498
2009,Quinnipiac,Soccer,Mens,579109
2008,Quinnipiac,Soccer,Mens,468592
2007,Quinnipiac,Soccer,Mens,443061
2006,Quinnipiac,Soccer,Mens,522638
2005,Quinnipiac,Soccer,Mens,444629
2017,Quinnipiac,Soccer,Womens,1387402
2016,Quinnipiac,Soccer,Womens,1295599
2015,Quinnipiac,Soccer,Womens,1228271
2014,Quinnipiac,Soccer,Womens,1132504
2013,Quinnipiac,Soccer,Womens,869074
2012,Quinnipiac,Soccer,Womens,766135
2011,Quinnipiac,Soccer,Womens,707737
2010,Quinnipiac,Soccer,Womens,686185
2009,Quinnipiac,Soccer,Womens,651640
2008,Quinnipiac,Soccer,Womens,569466
2007,Quinnipiac,Soccer,Womens,467728
2006,Quinnipiac,Soccer,Womens,563954
2005,Quinnipiac,Soccer,Womens,447413
2017,Quinnipiac,Softball,Womens,853440
2016,Quinnipiac,Softball,Womens,846429
2015,Quinnipiac,Softball,Womens,819436
2014,Quinnipiac,Softball,Womens,733958
2013,Quinnipiac,Softball,Womens,748440
2012,Quinnipiac,Softball,Womens,736943
2011,Quinnipiac,Softball,Womens,721610
2010,Quinnipiac,Softball,Womens,669499
2009,Quinnipiac,Softball,Womens,675520
2008,Quinnipiac,Softball,Womens,578237
2007,Quinnipiac,Softball,Womens,515820
2006,Quinnipiac,Softball,Womens,574497
2005,Quinnipiac,Softball,Womens,446293
2017,Quinnipiac,Lacrosse,Mens,1398919
2016,Quinnipiac,Lacrosse,Mens,1229417
2015,Quinnipiac,Lacrosse,Mens,1340056
2014,Quinnipiac,Lacrosse,Mens,1107026
2013,Quinnipiac,Lacrosse,Mens,1180559
2012,Quinnipiac,Lacrosse,Mens,1117961
2011,Quinnipiac,Lacrosse,Mens,1057725
2010,Quinnipiac,Lacrosse,Mens,885640
2009,Quinnipiac,Lacrosse,Mens,846207
2008,Quinnipiac,Lacrosse,Mens,725745
2007,Quinnipiac,Lacrosse,Mens,608630
2006,Quinnipiac,Lacrosse,Mens,573301
2005,Quinnipiac,Lacrosse,Mens,419407
2017,Quinnipiac,Volleyball,Womens,853928
2016,Quinnipiac,Volleyball,Womens,763356
2015,Quinnipiac,Volleyball,Womens,681306
2014,Quinnipiac,Volleyball,Womens,596157
2013,Quinnipiac,Volleyball,Womens,531798
2012,Quinnipiac,Volleyball,Womens,404075
2011,Quinnipiac,Volleyball,Womens,389891
2010,Quinnipiac,Volleyball,Womens,377279
2009,Quinnipiac,Volleyball,Womens,356068
2008,Quinnipiac,Volleyball,Womens,255262
2007,Quinnipiac,Volleyball,Womens,207558
2006,Quinnipiac,Volleyball,Womens,326605
2005,Quinnipiac,Volleyball,Womens,262508
2017,Quinnipiac,Tennis,Womens,499932
2016,Quinnipiac,Tennis,Womens,465938
2015,Quinnipiac,Tennis,Womens,460347
2014,Quinnipiac,Tennis,Womens,452053
2013,Quinnipiac,Tennis,Womens,430257
2012,Quinnipiac,Tennis,Womens,369634
2011,Quinnipiac,Tennis,Womens,259272
2010,Quinnipiac,Tennis,Womens,309609
2009,Quinnipiac,Tennis,Womens,303924
2008,Quinnipiac,Tennis,Womens,299961
2007,Quinnipiac,Tennis,Womens,205992
2006,Quinnipiac,Tennis,Womens,294476
2005,Quinnipiac,Tennis,Womens,196012
2017,Quinnipiac,Tennis,Mens,208896
2016,Quinnipiac,Tennis,Mens,197625
2015,Quinnipiac,Tennis,Mens,193073
2014,Quinnipiac,Tennis,Mens,179400
2013,Quinnipiac,Tennis,Mens,242337
2012,Quinnipiac,Tennis,Mens,209165
2011,Quinnipiac,Tennis,Mens,189758
2010,Quinnipiac,Tennis,Mens,171605
2009,Quinnipiac,Tennis,Mens,105238
2008,Quinnipiac,Tennis,Mens,108944
2007,Quinnipiac,Tennis,Mens,97398
2006,Quinnipiac,Tennis,Mens,191587
2005,Quinnipiac,Tennis,Mens,96976
2017,Rider,Baseball,Mens,691421
2016,Rider,Baseball,Mens,712698
2015,Rider,Baseball,Mens,678625
2014,Rider,Baseball,Mens,650047
2013,Rider,Baseball,Mens,614432
2012,Rider,Baseball,Mens,642878
2011,Rider,Baseball,Mens,630217
2010,Rider,Baseball,Mens,539968
2009,Rider,Baseball,Mens,523115
2008,Rider,Baseball,Mens,479707
2007,Rider,Baseball,Mens,494372
2006,Rider,Baseball,Mens,425630
2005,Rider,Baseball,Mens,385942
2017,Rider,Basketball,Mens,2055949
2016,Rider,Basketball,Mens,2038734
2015,Rider,Basketball,Mens,1774910
2014,Rider,Basketball,Mens,1750649
2013,Rider,Basketball,Mens,1568996
2012,Rider,Basketball,Mens,1533959
2011,Rider,Basketball,Mens,1518322
2010,Rider,Basketball,Mens,1431976
2009,Rider,Basketball,Mens,1403496
2008,Rider,Basketball,Mens,1272434
2007,Rider,Basketball,Mens,1225716
2006,Rider,Basketball,Mens,1064341
2005,Rider,Basketball,Mens,1131868
2017,Rider,Basketball,Womens,1655390
2016,Rider,Basketball,Womens,1826219
2015,Rider,Basketball,Womens,1455548
2014,Rider,Basketball,Womens,1476671
2013,Rider,Basketball,Womens,1434304
2012,Rider,Basketball,Womens,1487241
2011,Rider,Basketball,Womens,1412604
2010,Rider,Basketball,Womens,1344892
2009,Rider,Basketball,Womens,1291134
2008,Rider,Basketball,Womens,1197235
2007,Rider,Basketball,Womens,1320327
2006,Rider,Basketball,Womens,1084566
2005,Rider,Basketball,Womens,1167292
2017,Rider,Golf,Mens,131899
2016,Rider,Golf,Mens,123391
2015,Rider,Golf,Mens,120164
2014,Rider,Golf,Mens,107134
2013,Rider,Golf,Mens,115605
2012,Rider,Golf,Mens,92326
2011,Rider,Golf,Mens,94845
2010,Rider,Golf,Mens,103522
2009,Rider,Golf,Mens,101784
2008,Rider,Golf,Mens,114912
2007,Rider,Golf,Mens,84545
2006,Rider,Golf,Mens,77328
2005,Rider,Golf,Mens,89935
2017,Rider,Soccer,Mens,648848
2016,Rider,Soccer,Mens,650970
2015,Rider,Soccer,Mens,570418
2014,Rider,Soccer,Mens,512415
2013,Rider,Soccer,Mens,459351
2012,Rider,Soccer,Mens,440361
2011,Rider,Soccer,Mens,489030
2010,Rider,Soccer,Mens,499698
2009,Rider,Soccer,Mens,493115
2008,Rider,Soccer,Mens,456386
2007,Rider,Soccer,Mens,449124
2006,Rider,Soccer,Mens,438827
2005,Rider,Soccer,Mens,393184
2017,Rider,Soccer,Womens,600776
2016,Rider,Soccer,Womens,598697
2015,Rider,Soccer,Womens,518822
2014,Rider,Soccer,Womens,533680
2013,Rider,Soccer,Womens,471993
2012,Rider,Soccer,Womens,439918
2011,Rider,Soccer,Womens,428539
2010,Rider,Soccer,Womens,421837
2009,Rider,Soccer,Womens,412054
2008,Rider,Soccer,Womens,439354
2007,Rider,Soccer,Womens,426728
2006,Rider,Soccer,Womens,391811
2005,Rider,Soccer,Womens,356755
2017,Rider,Softball,Womens,532222
2016,Rider,Softball,Womens,435576
2015,Rider,Softball,Womens,703078
2014,Rider,Softball,Womens,546696
2013,Rider,Softball,Womens,468157
2012,Rider,Softball,Womens,466777
2011,Rider,Softball,Womens,491342
2010,Rider,Softball,Womens,478037
2009,Rider,Softball,Womens,469270
2008,Rider,Softball,Womens,444390
2007,Rider,Softball,Womens,423697
2006,Rider,Softball,Womens,430313
2005,Rider,Softball,Womens,387601
2017,Rider,XC + TF,Womens,601341
2016,Rider,XC + TF,Womens,600421
2015,Rider,XC + TF,Womens,525732
2014,Rider,XC + TF,Womens,440184
2013,Rider,XC + TF,Womens,445556
2012,Rider,XC + TF,Womens,520833
2011,Rider,XC + TF,Womens,375089
2010,Rider,XC + TF,Womens,380335
2009,Rider,XC + TF,Womens,423889
2008,Rider,XC + TF,Womens,396109
2007,Rider,XC + TF,Womens,398839
2006,Rider,XC + TF,Womens,336692
2005,Rider,XC + TF,Womens,337287
2017,Rider,Volleyball,Womens,454856
2016,Rider,Volleyball,Womens,396098
2015,Rider,Volleyball,Womens,406353
2014,Rider,Volleyball,Womens,392285
2013,Rider,Volleyball,Womens,362998
2012,Rider,Volleyball,Womens,329252
2011,Rider,Volleyball,Womens,326357
2010,Rider,Volleyball,Womens,285564
2009,Rider,Volleyball,Womens,311730
2008,Rider,Volleyball,Womens,295512
2007,Rider,Volleyball,Womens,275848
2006,Rider,Volleyball,Womens,252201
2005,Rider,Volleyball,Womens,240168
2017,Rider,XC + TF,Mens,576905
2016,Rider,XC + TF,Mens,591035
2015,Rider,XC + TF,Mens,530836
2014,Rider,XC + TF,Mens,468980
2013,Rider,XC + TF,Mens,430296
2012,Rider,XC + TF,Mens,448321
2011,Rider,XC + TF,Mens,403508
2010,Rider,XC + TF,Mens,360380
2009,Rider,XC + TF,Mens,373161
2008,Rider,XC + TF,Mens,363674
2007,Rider,XC + TF,Mens,376100
2006,Rider,XC + TF,Mens,342850
2005,Rider,XC + TF,Mens,357399
2017,Rider,S + D,Womens,445928
2016,Rider,S + D,Womens,435707
2015,Rider,S + D,Womens,464989
2014,Rider,S + D,Womens,394003
2013,Rider,S + D,Womens,361384
2012,Rider,S + D,Womens,354423
2011,Rider,S + D,Womens,343113
2010,Rider,S + D,Womens,344838
2009,Rider,S + D,Womens,365887
2008,Rider,S + D,Womens,306109
2007,Rider,S + D,Womens,287601
2006,Rider,S + D,Womens,256271
2005,Rider,S + D,Womens,223635
2017,Rider,S + D,Mens,505812
2016,Rider,S + D,Mens,501398
2015,Rider,S + D,Mens,489077
2014,Rider,S + D,Mens,447706
2013,Rider,S + D,Mens,387591
2012,Rider,S + D,Mens,362988
2011,Rider,S + D,Mens,408321
2010,Rider,S + D,Mens,333613
2009,Rider,S + D,Mens,337790
2008,Rider,S + D,Mens,284782
2007,Rider,S + D,Mens,284512
2006,Rider,S + D,Mens,233651
2005,Rider,S + D,Mens,221121
2017,Rider,Tennis,Womens,91514
2016,Rider,Tennis,Womens,92056
2015,Rider,Tennis,Womens,73413
2014,Rider,Tennis,Womens,82995
2013,Rider,Tennis,Womens,57903
2012,Rider,Tennis,Womens,74667
2011,Rider,Tennis,Womens,76205
2010,Rider,Tennis,Womens,83368
2009,Rider,Tennis,Womens,78008
2008,Rider,Tennis,Womens,52963
2007,Rider,Tennis,Womens,64139
2006,Rider,Tennis,Womens,70538
2005,Rider,Tennis,Womens,71377
2017,Rider,Tennis,Mens,90013
2016,Rider,Tennis,Mens,59069
2015,Rider,Tennis,Mens,59190
2014,Rider,Tennis,Mens,60078
2013,Rider,Tennis,Mens,57903
2012,Rider,Tennis,Mens,59667
2011,Rider,Tennis,Mens,56205
2010,Rider,Tennis,Mens,64082
2009,Rider,Tennis,Mens,60193
2008,Rider,Tennis,Mens,57558
2007,Rider,Tennis,Mens,50665
2006,Rider,Tennis,Mens,57738
2005,Rider,Tennis,Mens,54908
2017,Monmouth,Baseball,Mens,990499
2016,Monmouth,Baseball,Mens,965915
2015,Monmouth,Baseball,Mens,809377
2014,Monmouth,Baseball,Mens,804428
2013,Monmouth,Baseball,Mens,840574
2012,Monmouth,Baseball,Mens,780683
2011,Monmouth,Baseball,Mens,729638
2010,Monmouth,Baseball,Mens,730631
2009,Monmouth,Baseball,Mens,643373
2008,Monmouth,Baseball,Mens,629297
2007,Monmouth,Baseball,Mens,491015
2006,Monmouth,Baseball,Mens,496036
2005,Monmouth,Baseball,Mens,425326
2017,Monmouth,Basketball,Mens,2617464
2016,Monmouth,Basketball,Mens,2690690
2015,Monmouth,Basketball,Mens,2054441
2014,Monmouth,Basketball,Mens,1837106
2013,Monmouth,Basketball,Mens,1688319
2012,Monmouth,Basketball,Mens,1625967
2011,Monmouth,Basketball,Mens,1528983
2010,Monmouth,Basketball,Mens,1598946
2009,Monmouth,Basketball,Mens,1270190
2008,Monmouth,Basketball,Mens,1156887
2007,Monmouth,Basketball,Mens,1015515
2006,Monmouth,Basketball,Mens,1138190
2005,Monmouth,Basketball,Mens,1070813
2017,Monmouth,Basketball,Womens,1670134
2016,Monmouth,Basketball,Womens,1654679
2015,Monmouth,Basketball,Womens,1470632
2014,Monmouth,Basketball,Womens,1648843
2013,Monmouth,Basketball,Womens,1383566
2012,Monmouth,Basketball,Womens,1429382
2011,Monmouth,Basketball,Womens,1283357
2010,Monmouth,Basketball,Womens,1266510
2009,Monmouth,Basketball,Womens,1275973
2008,Monmouth,Basketball,Womens,1059370
2007,Monmouth,Basketball,Womens,854982
2006,Monmouth,Basketball,Womens,882078
2005,Monmouth,Basketball,Womens,877141
2017,Monmouth,Golf,Mens,248855
2016,Monmouth,Golf,Mens,217033
2015,Monmouth,Golf,Mens,188695
2014,Monmouth,Golf,Mens,189072
2013,Monmouth,Golf,Mens,166664
2012,Monmouth,Golf,Mens,161997
2011,Monmouth,Golf,Mens,166010
2010,Monmouth,Golf,Mens,148144
2009,Monmouth,Golf,Mens,146000
2008,Monmouth,Golf,Mens,138132
2007,Monmouth,Golf,Mens,124276
2006,Monmouth,Golf,Mens,135143
2005,Monmouth,Golf,Mens,116628
2017,Monmouth,Golf,Womens,320299
2016,Monmouth,Golf,Womens,243414
2015,Monmouth,Golf,Womens,212031
2014,Monmouth,Golf,Womens,168381
2013,Monmouth,Golf,Womens,127107
2012,Monmouth,Golf,Womens,168950
2011,Monmouth,Golf,Womens,138883
2010,Monmouth,Golf,Womens,163347
2009,Monmouth,Golf,Womens,109819
2008,Monmouth,Golf,Womens,110624
2007,Monmouth,Golf,Womens,102697
2006,Monmouth,Golf,Womens,125395
2005,Monmouth,Golf,Womens,84400
2017,Monmouth,Football,Mens,5041756
2016,Monmouth,Football,Mens,4919009
2015,Monmouth,Football,Mens,4546862
2014,Monmouth,Football,Mens,4121774
2013,Monmouth,Football,Mens,3458335
2012,Monmouth,Football,Mens,2964667
2011,Monmouth,Football,Mens,2830733
2010,Monmouth,Football,Mens,2533614
2009,Monmouth,Football,Mens,2265998
2008,Monmouth,Football,Mens,1669338
2007,Monmouth,Football,Mens,1193778
2006,Monmouth,Football,Mens,880823
2005,Monmouth,Football,Mens,842868
2017,Monmouth,Lacrosse,Womens,888436
2016,Monmouth,Lacrosse,Womens,838644
2015,Monmouth,Lacrosse,Womens,769946
2014,Monmouth,Lacrosse,Womens,738065
2013,Monmouth,Lacrosse,Womens,706076
2012,Monmouth,Lacrosse,Womens,651425
2011,Monmouth,Lacrosse,Womens,549751
2010,Monmouth,Lacrosse,Womens,514362
2009,Monmouth,Lacrosse,Womens,462741
2008,Monmouth,Lacrosse,Womens,441553
2007,Monmouth,Lacrosse,Womens,377937
2006,Monmouth,Lacrosse,Womens,385392
2005,Monmouth,Lacrosse,Womens,366833
2017,Monmouth,Soccer,Womens,1113435
2016,Monmouth,Soccer,Womens,1075163
2015,Monmouth,Soccer,Womens,1073369
2014,Monmouth,Soccer,Womens,1035920
2013,Monmouth,Soccer,Womens,898172
2012,Monmouth,Soccer,Womens,848210
2011,Monmouth,Soccer,Womens,770802
2010,Monmouth,Soccer,Womens,671188
2009,Monmouth,Soccer,Womens,548467
2008,Monmouth,Soccer,Womens,469535
2007,Monmouth,Soccer,Womens,385673
2006,Monmouth,Soccer,Womens,387820
2005,Monmouth,Soccer,Womens,312145
2017,Monmouth,Softball,Womens,927096
2016,Monmouth,Softball,Womens,737483
2015,Monmouth,Softball,Womens,704836
2014,Monmouth,Softball,Womens,683563
2013,Monmouth,Softball,Womens,610215
2012,Monmouth,Softball,Womens,572906
2011,Monmouth,Softball,Womens,530373
2010,Monmouth,Softball,Womens,473191
2009,Monmouth,Softball,Womens,453359
2008,Monmouth,Softball,Womens,411586
2007,Monmouth,Softball,Womens,386736
2006,Monmouth,Softball,Womens,393544
2005,Monmouth,Softball,Womens,335378
2017,Monmouth,Tennis,Mens,421102
2016,Monmouth,Tennis,Mens,329804
2015,Monmouth,Tennis,Mens,315274
2014,Monmouth,Tennis,Mens,274284
2013,Monmouth,Tennis,Mens,225058
2012,Monmouth,Tennis,Mens,175155
2011,Monmouth,Tennis,Mens,173581
2010,Monmouth,Tennis,Mens,143560
2009,Monmouth,Tennis,Mens,138975
2008,Monmouth,Tennis,Mens,120365
2007,Monmouth,Tennis,Mens,99289
2006,Monmouth,Tennis,Mens,84169
2005,Monmouth,Tennis,Mens,70191
2017,Monmouth,Tennis,Womens,264377
2016,Monmouth,Tennis,Womens,231601
2015,Monmouth,Tennis,Womens,181434
2014,Monmouth,Tennis,Womens,175863
2013,Monmouth,Tennis,Womens,150419
2012,Monmouth,Tennis,Womens,103158
2011,Monmouth,Tennis,Womens,102727
2010,Monmouth,Tennis,Womens,106897
2009,Monmouth,Tennis,Womens,96715
2008,Monmouth,Tennis,Womens,79484
2007,Monmouth,Tennis,Womens,60222
2006,Monmouth,Tennis,Womens,63088
2005,Monmouth,Tennis,Womens,64747
2017,Monmouth,Soccer,Mens,953798
2016,Monmouth,Soccer,Mens,920352
2015,Monmouth,Soccer,Mens,907285
2014,Monmouth,Soccer,Mens,892830
2013,Monmouth,Soccer,Mens,830274
2012,Monmouth,Soccer,Mens,834909
2011,Monmouth,Soccer,Mens,782412
2010,Monmouth,Soccer,Mens,728109
2009,Monmouth,Soccer,Mens,532501
2008,Monmouth,Soccer,Mens,477390
2007,Monmouth,Soccer,Mens,429290
2006,Monmouth,Soccer,Mens,376621
2005,Monmouth,Soccer,Mens,304210
2017,Niagara,Baseball,Mens,606675
2016,Niagara,Baseball,Mens,574158
2015,Niagara,Baseball,Mens,633834
2014,Niagara,Baseball,Mens,543692
2013,Niagara,Baseball,Mens,568786
2012,Niagara,Baseball,Mens,509426
2011,Niagara,Baseball,Mens,528593
2010,Niagara,Baseball,Mens,429190
2009,Niagara,Baseball,Mens,376937
2008,Niagara,Baseball,Mens,381047
2007,Niagara,Baseball,Mens,380567
2006,Niagara,Baseball,Mens,363267
2005,Niagara,Baseball,Mens,314737
2017,Niagara,Basketball,Mens,2020153
2016,Niagara,Basketball,Mens,1796129
2015,Niagara,Basketball,Mens,1622963
2014,Niagara,Basketball,Mens,1402822
2013,Niagara,Basketball,Mens,1405571
2012,Niagara,Basketball,Mens,1529288
2011,Niagara,Basketball,Mens,1461436
2010,Niagara,Basketball,Mens,1366542
2009,Niagara,Basketball,Mens,1366823
2008,Niagara,Basketball,Mens,1285006
2007,Niagara,Basketball,Mens,1124739
2006,Niagara,Basketball,Mens,997936
2005,Niagara,Basketball,Mens,931452
2017,Niagara,Basketball,Womens,1490632
2016,Niagara,Basketball,Womens,1540060
2015,Niagara,Basketball,Womens,1296409
2014,Niagara,Basketball,Womens,1238850
2013,Niagara,Basketball,Womens,1153253
2012,Niagara,Basketball,Womens,1204857
2011,Niagara,Basketball,Womens,1158567
2010,Niagara,Basketball,Womens,1122923
2009,Niagara,Basketball,Womens,991727
2008,Niagara,Basketball,Womens,1088235
2007,Niagara,Basketball,Womens,853693
2006,Niagara,Basketball,Womens,814913
2005,Niagara,Basketball,Womens,692930
2017,Niagara,S + D,Mens,220377
2016,Niagara,S + D,Mens,210794
2015,Niagara,S + D,Mens,181921
2014,Niagara,S + D,Mens,209587
2013,Niagara,S + D,Mens,206782
2012,Niagara,S + D,Mens,187367
2011,Niagara,S + D,Mens,171671
2010,Niagara,S + D,Mens,185421
2009,Niagara,S + D,Mens,185982
2008,Niagara,S + D,Mens,177847
2007,Niagara,S + D,Mens,145299
2006,Niagara,S + D,Mens,131762
2005,Niagara,S + D,Mens,141109
2017,Niagara,S + D,Womens,266829
2016,Niagara,S + D,Womens,248267
2015,Niagara,S + D,Womens,212254
2014,Niagara,S + D,Womens,224818
2013,Niagara,S + D,Womens,211630
2012,Niagara,S + D,Womens,190710
2011,Niagara,S + D,Womens,185868
2010,Niagara,S + D,Womens,213519
2009,Niagara,S + D,Womens,234493
2008,Niagara,S + D,Womens,198520
2007,Niagara,S + D,Womens,167165
2006,Niagara,S + D,Womens,163289
2005,Niagara,S + D,Womens,148174
2017,Niagara,Lacrosse,Womens,668035
2016,Niagara,Lacrosse,Womens,661877
2015,Niagara,Lacrosse,Womens,556192
2014,Niagara,Lacrosse,Womens,503819
2013,Niagara,Lacrosse,Womens,383626
2012,Niagara,Lacrosse,Womens,258483
2011,Niagara,Lacrosse,Womens,250085
2010,Niagara,Lacrosse,Womens,177604
2009,Niagara,Lacrosse,Womens,139178
2008,Niagara,Lacrosse,Womens,108620
2007,Niagara,Lacrosse,Womens,108392
2006,Niagara,Lacrosse,Womens,151084
2005,Niagara,Lacrosse,Womens,139803
2017,Niagara,Soccer,Mens,545581
2016,Niagara,Soccer,Mens,528192
2015,Niagara,Soccer,Mens,552933
2014,Niagara,Soccer,Mens,569504
2013,Niagara,Soccer,Mens,486884
2012,Niagara,Soccer,Mens,513169
2011,Niagara,Soccer,Mens,432155
2010,Niagara,Soccer,Mens,407926
2009,Niagara,Soccer,Mens,364575
2008,Niagara,Soccer,Mens,354763
2007,Niagara,Soccer,Mens,309624
2006,Niagara,Soccer,Mens,251622
2005,Niagara,Soccer,Mens,231523
2017,Niagara,Soccer,Womens,593891
2016,Niagara,Soccer,Womens,603649
2015,Niagara,Soccer,Womens,563372
2014,Niagara,Soccer,Womens,497388
2013,Niagara,Soccer,Womens,508164
2012,Niagara,Soccer,Womens,498496
2011,Niagara,Soccer,Womens,460515
2010,Niagara,Soccer,Womens,437227
2009,Niagara,Soccer,Womens,434958
2008,Niagara,Soccer,Womens,356915
2007,Niagara,Soccer,Womens,354764
2006,Niagara,Soccer,Womens,322041
2005,Niagara,Soccer,Womens,289583
2017,Niagara,Softball,Womens,447709
2016,Niagara,Softball,Womens,420484
2015,Niagara,Softball,Womens,432362
2014,Niagara,Softball,Womens,459276
2013,Niagara,Softball,Womens,385593
2012,Niagara,Softball,Womens,361854
2011,Niagara,Softball,Womens,346871
2010,Niagara,Softball,Womens,320160
2009,Niagara,Softball,Womens,283988
2008,Niagara,Softball,Womens,323380
2007,Niagara,Softball,Womens,258488
2006,Niagara,Softball,Womens,246275
2005,Niagara,Softball,Womens,201270
2017,Niagara,Tennis,Mens,113119
2016,Niagara,Tennis,Mens,113399
2015,Niagara,Tennis,Mens,108875
2014,Niagara,Tennis,Mens,133334
2013,Niagara,Tennis,Mens,121349
2012,Niagara,Tennis,Mens,116316
2011,Niagara,Tennis,Mens,103734
2010,Niagara,Tennis,Mens,90643
2009,Niagara,Tennis,Mens,71913
2008,Niagara,Tennis,Mens,83543
2007,Niagara,Tennis,Mens,91413
2006,Niagara,Tennis,Mens,88846
2005,Niagara,Tennis,Mens,69979
2017,Niagara,Tennis,Womens,134431
2016,Niagara,Tennis,Womens,128637
2015,Niagara,Tennis,Womens,138718
2014,Niagara,Tennis,Womens,160010
2013,Niagara,Tennis,Womens,155302
2012,Niagara,Tennis,Womens,146832
2011,Niagara,Tennis,Womens,125720
2010,Niagara,Tennis,Womens,90430
2009,Niagara,Tennis,Womens,133023
2008,Niagara,Tennis,Womens,111084
2007,Niagara,Tennis,Womens,103080
2006,Niagara,Tennis,Womens,88851
2005,Niagara,Tennis,Womens,76745
2017,Niagara,Volleyball,Womens,448655
2016,Niagara,Volleyball,Womens,410868
2015,Niagara,Volleyball,Womens,388393
2014,Niagara,Volleyball,Womens,415920
2013,Niagara,Volleyball,Womens,288084
2012,Niagara,Volleyball,Womens,304086
2011,Niagara,Volleyball,Womens,304604
2010,Niagara,Volleyball,Womens,297248
2009,Niagara,Volleyball,Womens,242988
2008,Niagara,Volleyball,Womens,219858
2007,Niagara,Volleyball,Womens,212334
2006,Niagara,Volleyball,Womens,193898
2005,Niagara,Volleyball,Womens,160634
2017,Niagara,Golf,Mens,80065
2016,Niagara,Golf,Mens,74942
2015,Niagara,Golf,Mens,67850
2014,Niagara,Golf,Mens,63317
2013,Niagara,Golf,Mens,49299
2012,Niagara,Golf,Mens,54521
2011,Niagara,Golf,Mens,56369
2010,Niagara,Golf,Mens,58376
2009,Niagara,Golf,Mens,58089
2008,Niagara,Golf,Mens,56001
2007,Niagara,Golf,Mens,56093
2006,Niagara,Golf,Mens,52366
2005,Niagara,Golf,Mens,44934
2017,Niagara,XC,Mens,45477
2016,Niagara,XC,Mens,74893
2015,Niagara,XC,Mens,101761
2014,Niagara,XC,Mens,80678
2013,Niagara,XC,Mens,80660
2012,Niagara,XC,Mens,56439
2011,Niagara,XC,Mens,59118
2010,Niagara,XC,Mens,72376
2009,Niagara,XC,Mens,63976
2008,Niagara,XC,Mens,64231
2007,Niagara,XC,Mens,65623
2006,Niagara,XC,Mens,46113
2005,Niagara,XC,Mens,27496
2017,Niagara,XC,Womens,55296
2016,Niagara,XC,Womens,44795
2015,Niagara,XC,Womens,34819
2014,Niagara,XC,Womens,89072
2013,Niagara,XC,Womens,73162
2012,Niagara,XC,Womens,71019
2011,Niagara,XC,Womens,69113
2010,Niagara,XC,Womens,71829
2009,Niagara,XC,Womens,71634
2008,Niagara,XC,Womens,66566
2007,Niagara,XC,Womens,55273
2006,Niagara,XC,Womens,52861
2005,Niagara,XC,Womens,31408